transaction_key,customer_key,actual_synthetic_fraud_label,fraud_probability,selected_threshold,predicted_fraud_label,error_type,model_version
1072588731474172179,137345824585252467,0,0.07647559463601,0.05,1,false_positive,1.0.0-baseline
345141199910255954,980708627717825274,0,0.7712760346853792,0.05,1,false_positive,1.0.0-baseline
817835659304084515,1070459304141638972,0,0.6666743637852347,0.05,1,false_positive,1.0.0-baseline
487899390584204570,529721350152239818,0,0.3900401430782763,0.05,1,false_positive,1.0.0-baseline
280221113014740646,577222200404687494,0,0.3401661527912464,0.05,1,false_positive,1.0.0-baseline
141392061384352870,980708627717825274,0,0.522707581886294,0.05,1,false_positive,1.0.0-baseline
298154229282421613,493050207069902821,0,0.2773428262741406,0.05,1,false_positive,1.0.0-baseline
486308757976581668,980708627717825274,0,0.0689425800912235,0.05,1,false_positive,1.0.0-baseline
913741935082836806,981860125137779078,0,0.3292670920780799,0.05,1,false_positive,1.0.0-baseline
892756590722728211,493050207069902821,0,0.776040126948892,0.05,1,false_positive,1.0.0-baseline
564390589698779454,1070459304141638972,0,0.4057923631717351,0.05,1,false_positive,1.0.0-baseline
808311143353433842,710233541031274161,0,0.1571699217028418,0.05,1,false_positive,1.0.0-baseline
292434505674266187,611540535713970351,0,0.557345737334367,0.05,1,false_positive,1.0.0-baseline
114114601303312413,2998887372558569,0,0.555368981140349,0.05,1,false_positive,1.0.0-baseline
1147699982158078002,611540535713970351,0,0.1387153590852783,0.05,1,false_positive,1.0.0-baseline
464166616447371094,180653586061245535,0,0.0638950678333986,0.05,1,false_positive,1.0.0-baseline
86493980807464333,576276543027611612,0,0.4628069479418578,0.05,1,false_positive,1.0.0-baseline
713263975558779672,981860125137779078,0,0.9097354323894532,0.05,1,false_positive,1.0.0-baseline
909374528315714651,611540535713970351,0,0.8023575488938857,0.05,1,false_positive,1.0.0-baseline
1143804260141937898,2998887372558569,0,0.5707446012887645,0.05,1,false_positive,1.0.0-baseline
976600270839459759,1095817946956588938,0,0.7554281284488708,0.05,1,false_positive,1.0.0-baseline
765000025566154121,246169167661273933,0,0.3155711921135598,0.05,1,false_positive,1.0.0-baseline
333964160279644837,1033318739550670801,0,0.5730763653875149,0.05,1,false_positive,1.0.0-baseline
1016865466709222161,667854202544287746,0,0.8307814619397373,0.05,1,false_positive,1.0.0-baseline
626437365707110073,291382675383148796,0,0.3784443352648633,0.05,1,false_positive,1.0.0-baseline
299713877219189441,1101053381991883786,0,0.2611114449278305,0.05,1,false_positive,1.0.0-baseline
773068771424240602,2998887372558569,0,0.58279110603855,0.05,1,false_positive,1.0.0-baseline
1131252946697976736,246169167661273933,0,0.5785351607390673,0.05,1,false_positive,1.0.0-baseline
538794752796866980,163870747016877544,0,0.4416879617107111,0.05,1,false_positive,1.0.0-baseline
941945701128252463,440725821471311782,0,0.6391896122646259,0.05,1,false_positive,1.0.0-baseline
572941421786180284,594906817873445698,0,0.3582299053065307,0.05,1,false_positive,1.0.0-baseline
505079655272354677,646455403059666207,0,0.0083891166205422,0.05,0,true_negative,1.0.0-baseline
801794002110606390,995546377267911770,0,0.1982875944381984,0.05,1,false_positive,1.0.0-baseline
267214506699898649,291382675383148796,0,0.4590642995222227,0.05,1,false_positive,1.0.0-baseline
633757652305680209,695484210856808634,0,0.2233515799986828,0.05,1,false_positive,1.0.0-baseline
555665756212954967,17508513762442371,0,0.202349466681872,0.05,1,false_positive,1.0.0-baseline
1082837342849510308,646455403059666207,0,7.20844572386633e-05,0.05,0,true_negative,1.0.0-baseline
186074686869873920,611540535713970351,0,0.927520298455112,0.05,1,false_positive,1.0.0-baseline
514986598238840763,900434523684820099,1,0.0712336891278235,0.05,1,true_positive,1.0.0-baseline
895373827638039942,137345824585252467,0,0.50468264371245,0.05,1,false_positive,1.0.0-baseline
27740644922277403,768436434945698388,0,0.582100446913939,0.05,1,false_positive,1.0.0-baseline
513057015858729551,980708627717825274,0,0.054085150047352,0.05,1,false_positive,1.0.0-baseline
135062581439731926,264419407905059310,0,0.3743367789117979,0.05,1,false_positive,1.0.0-baseline
305430724700628446,792492243155335315,0,0.6918780751083133,0.05,1,false_positive,1.0.0-baseline
365199526205700761,529721350152239818,0,0.3232465587966245,0.05,1,false_positive,1.0.0-baseline
824169644247320953,291382675383148796,0,0.814954994796175,0.05,1,false_positive,1.0.0-baseline
1090999290315231316,529721350152239818,0,0.4857771392911133,0.05,1,false_positive,1.0.0-baseline
478465032578025136,1095817946956588938,0,0.4807414838525903,0.05,1,false_positive,1.0.0-baseline
123235850321116809,577222200404687494,0,0.1578730489607756,0.05,1,false_positive,1.0.0-baseline
363242543042378215,906901778771043120,0,0.0175538623846632,0.05,0,true_negative,1.0.0-baseline
834920316576193926,2998887372558569,0,0.7159436429712478,0.05,1,false_positive,1.0.0-baseline
723746610778767788,611540535713970351,0,0.1716655975789465,0.05,1,false_positive,1.0.0-baseline
920372723994634038,1054376342709458876,0,0.877346361787433,0.05,1,false_positive,1.0.0-baseline
75934541553417101,2998887372558569,0,0.9568582463123368,0.05,1,false_positive,1.0.0-baseline
594331060830104921,186499808372984441,0,0.4913488756828224,0.05,1,false_positive,1.0.0-baseline
694355544245850342,281401213724354662,0,0.753282814837362,0.05,1,false_positive,1.0.0-baseline
325742502099096948,291382675383148796,0,0.2040766721391607,0.05,1,false_positive,1.0.0-baseline
577877031637797818,1095817946956588938,0,0.5000521808727979,0.05,1,false_positive,1.0.0-baseline
595891781778312170,995546377267911770,0,0.4471095303561308,0.05,1,false_positive,1.0.0-baseline
491812073155440612,981860125137779078,0,0.8026921152008984,0.05,1,false_positive,1.0.0-baseline
822881898870201925,249615748465308303,0,0.1050096033132932,0.05,1,false_positive,1.0.0-baseline
633583853720280634,264419407905059310,0,0.1446838820746575,0.05,1,false_positive,1.0.0-baseline
651852898560383723,900434523684820099,0,0.5252925867039019,0.05,1,false_positive,1.0.0-baseline
825862151450202849,695484210856808634,0,0.7518751246980632,0.05,1,false_positive,1.0.0-baseline
1061575247396426267,1054376342709458876,0,0.4960772614703395,0.05,1,false_positive,1.0.0-baseline
789937711577542796,1101053381991883786,0,0.2886415601030551,0.05,1,false_positive,1.0.0-baseline
696885097596500850,320081434803039496,0,0.3601834485291009,0.05,1,false_positive,1.0.0-baseline
731243955622347387,618061539991327460,0,0.1074246338879457,0.05,1,false_positive,1.0.0-baseline
12501029017147210,932358628292143676,0,0.6962842134745166,0.05,1,false_positive,1.0.0-baseline
453148278799872512,695484210856808634,0,0.456735835591907,0.05,1,false_positive,1.0.0-baseline
214115196634453994,1053835074633009439,0,0.1332803229721491,0.05,1,false_positive,1.0.0-baseline
1649417181317186,576276543027611612,0,0.0294831633572501,0.05,0,true_negative,1.0.0-baseline
983716089469414172,320081434803039496,0,0.2004133645510565,0.05,1,false_positive,1.0.0-baseline
765472977581702900,932358628292143676,0,0.5988718722834899,0.05,1,false_positive,1.0.0-baseline
595259303766857075,1053835074633009439,0,0.2199523414448618,0.05,1,false_positive,1.0.0-baseline
31267466501197767,1148133427243247577,0,0.103595999575011,0.05,1,false_positive,1.0.0-baseline
707772846310662397,768436434945698388,0,0.8549303251214377,0.05,1,false_positive,1.0.0-baseline
523020230122725744,594906817873445698,0,0.3244985584820158,0.05,1,false_positive,1.0.0-baseline
775562525409346550,180653586061245535,0,0.1980313866595114,0.05,1,false_positive,1.0.0-baseline
646888063063041188,1095817946956588938,0,0.0236502637664401,0.05,0,true_negative,1.0.0-baseline
316453399212787475,264419407905059310,0,0.0437816292704048,0.05,0,true_negative,1.0.0-baseline
628397155579439482,594906817873445698,0,0.5827235870378964,0.05,1,false_positive,1.0.0-baseline
1104332849629908752,886539501005936162,0,0.939822251815746,0.05,1,false_positive,1.0.0-baseline
760301007837359113,606728138176973669,0,0.8454437127329656,0.05,1,false_positive,1.0.0-baseline
660443333813398048,1053835074633009439,0,8.617829592572553e-05,0.05,0,true_negative,1.0.0-baseline
770146095088550731,886539501005936162,0,0.9088584098627698,0.05,1,false_positive,1.0.0-baseline
910062600663626857,611540535713970351,0,0.5144600141656852,0.05,1,false_positive,1.0.0-baseline
893984855053513765,585875122027006935,0,0.6125975716979999,0.05,1,false_positive,1.0.0-baseline
251366652670829006,263756791415439406,0,0.1231886167634791,0.05,1,false_positive,1.0.0-baseline
939498861318804648,1054376342709458876,0,0.3967845880714913,0.05,1,false_positive,1.0.0-baseline
834386358676814141,1095817946956588938,0,0.6944813332881425,0.05,1,false_positive,1.0.0-baseline
607365378010200110,906901778771043120,0,0.0543237233962456,0.05,1,false_positive,1.0.0-baseline
825101491258173034,163870747016877544,0,0.3323389273062642,0.05,1,false_positive,1.0.0-baseline
767170308120587020,1095817946956588938,0,0.008769440210718,0.05,0,true_negative,1.0.0-baseline
322519916338547901,1053835074633009439,0,0.5999704300465818,0.05,1,false_positive,1.0.0-baseline
609435842316367283,646455403059666207,0,0.1796100537906705,0.05,1,false_positive,1.0.0-baseline
324924433724853555,180653586061245535,0,0.0240236582372288,0.05,0,true_negative,1.0.0-baseline
97931609952353885,1101053381991883786,0,0.678999585131193,0.05,1,false_positive,1.0.0-baseline
1003774428713132987,695484210856808634,0,0.2733326174807114,0.05,1,false_positive,1.0.0-baseline
1151023686493840562,529721350152239818,0,0.3094023886929133,0.05,1,false_positive,1.0.0-baseline
1059281205633802236,1095817946956588938,0,0.6777837623953555,0.05,1,false_positive,1.0.0-baseline
619874448444675397,768436434945698388,0,0.0603580250572722,0.05,1,false_positive,1.0.0-baseline
649089981115445944,2998887372558569,0,0.506627274708725,0.05,1,false_positive,1.0.0-baseline
759673022104016593,1033318739550670801,0,0.1698781096381733,0.05,1,false_positive,1.0.0-baseline
537382408652432487,980708627717825274,0,0.0272433566686639,0.05,0,true_negative,1.0.0-baseline
93643119647533097,17508513762442371,0,0.2119911892468311,0.05,1,false_positive,1.0.0-baseline
433644998456101188,900434523684820099,0,0.540827837227442,0.05,1,false_positive,1.0.0-baseline
859105816494542033,246700825511871154,0,0.0332569941728295,0.05,0,true_negative,1.0.0-baseline
278680711210026116,529721350152239818,0,0.6610592590088572,0.05,1,false_positive,1.0.0-baseline
1061754674304939951,957110910028490585,0,0.0511128922144507,0.05,1,false_positive,1.0.0-baseline
1019402883551010715,585875122027006935,0,0.214973391056429,0.05,1,false_positive,1.0.0-baseline
165329621525434777,792492243155335315,0,0.941914307236042,0.05,1,false_positive,1.0.0-baseline
238982492878708840,186499808372984441,0,0.0701288435341418,0.05,1,false_positive,1.0.0-baseline
113858056523177340,980708627717825274,0,0.362422082310308,0.05,1,false_positive,1.0.0-baseline
1123886383301962296,1053835074633009439,0,0.0748109981574229,0.05,1,false_positive,1.0.0-baseline
605973543339580140,792492243155335315,0,0.1740643130759504,0.05,1,false_positive,1.0.0-baseline
459226875937075,792492243155335315,0,0.6170437048573236,0.05,1,false_positive,1.0.0-baseline
933976922937742925,440725821471311782,0,0.6178934465050903,0.05,1,false_positive,1.0.0-baseline
590495313292781494,1053835074633009439,0,0.2874270279841939,0.05,1,false_positive,1.0.0-baseline
302517288380754782,249615748465308303,0,0.6570735459984122,0.05,1,false_positive,1.0.0-baseline
486961091519051114,904664493072722252,0,0.7249496447638776,0.05,1,false_positive,1.0.0-baseline
904450398662625279,577222200404687494,0,0.3620707307901565,0.05,1,false_positive,1.0.0-baseline
313837354749780952,246700825511871154,0,0.0567690092281015,0.05,1,false_positive,1.0.0-baseline
171595106811454610,611540535713970351,0,0.3467932282239681,0.05,1,false_positive,1.0.0-baseline
964436064948006959,529721350152239818,0,0.2600987220766801,0.05,1,false_positive,1.0.0-baseline
232754077778758410,577222200404687494,0,0.2964150052329173,0.05,1,false_positive,1.0.0-baseline
548515366415719539,163870747016877544,0,0.49507149309408,0.05,1,false_positive,1.0.0-baseline
638950858238963850,291382675383148796,0,0.1931422194510084,0.05,1,false_positive,1.0.0-baseline
497539908539484354,246169167661273933,0,0.1828663092751624,0.05,1,false_positive,1.0.0-baseline
164319047092742481,695484210856808634,0,0.2824617663710962,0.05,1,false_positive,1.0.0-baseline
705018244199362429,1070459304141638972,0,0.0871970776268829,0.05,1,false_positive,1.0.0-baseline
588211383445048159,2998887372558569,0,0.4381239394359135,0.05,1,false_positive,1.0.0-baseline
852888561085206204,246169167661273933,0,0.3240887574503154,0.05,1,false_positive,1.0.0-baseline
615949905866639418,995546377267911770,0,0.1079058334716059,0.05,1,false_positive,1.0.0-baseline
450901279857061485,529721350152239818,0,0.0286132807714225,0.05,0,true_negative,1.0.0-baseline
682344262480926552,2998887372558569,0,0.1049269500475377,0.05,1,false_positive,1.0.0-baseline
67107083669490870,246700825511871154,0,0.4589444794606489,0.05,1,false_positive,1.0.0-baseline
1108245861012654983,667854202544287746,0,0.4689272609748975,0.05,1,false_positive,1.0.0-baseline
692406804540135838,594906817873445698,0,0.3402185581871869,0.05,1,false_positive,1.0.0-baseline
965368970846604132,320081434803039496,0,0.6968023771568211,0.05,1,false_positive,1.0.0-baseline
543533315089689571,2998887372558569,0,0.1504406426857575,0.05,1,false_positive,1.0.0-baseline
920348552388153302,611540535713970351,0,0.0703475211202767,0.05,1,false_positive,1.0.0-baseline
861872695742587334,17508513762442371,0,0.3689983963921719,0.05,1,false_positive,1.0.0-baseline
125336108843643037,249615748465308303,0,0.0664476668816028,0.05,1,false_positive,1.0.0-baseline
561665867620664446,585875122027006935,0,0.4687889367608667,0.05,1,false_positive,1.0.0-baseline
117842829409630243,137345824585252467,0,0.2624224419387752,0.05,1,false_positive,1.0.0-baseline
334279474374327029,900434523684820099,0,0.0798389684147751,0.05,1,false_positive,1.0.0-baseline
393606468573754185,45517484512241406,0,0.2516833723024462,0.05,1,false_positive,1.0.0-baseline
876899234368813269,246700825511871154,0,0.017662165488219,0.05,0,true_negative,1.0.0-baseline
936625390406649241,886539501005936162,0,0.7608577892320363,0.05,1,false_positive,1.0.0-baseline
228818176132347483,618061539991327460,0,0.2673822486282832,0.05,1,false_positive,1.0.0-baseline
240306528855995662,246169167661273933,0,0.1642066294640582,0.05,1,false_positive,1.0.0-baseline
123789720965507085,611540535713970351,1,0.1366932963249661,0.05,1,true_positive,1.0.0-baseline
1108665397892321996,646455403059666207,0,0.6627286060413112,0.05,1,false_positive,1.0.0-baseline
631320885545215575,695484210856808634,0,0.0611547977188779,0.05,1,false_positive,1.0.0-baseline
465428876116118776,1148133427243247577,1,0.3104592134446882,0.05,1,true_positive,1.0.0-baseline
758127788368340003,667854202544287746,0,0.6069010292290605,0.05,1,false_positive,1.0.0-baseline
953470652338257243,695484210856808634,0,0.6274743389575065,0.05,1,false_positive,1.0.0-baseline
989781060704675842,440725821471311782,0,0.1591845986969035,0.05,1,false_positive,1.0.0-baseline
614841110098298125,611540535713970351,0,1.6365637510225547e-26,0.05,0,true_negative,1.0.0-baseline
193114024317187148,667854202544287746,0,0.9190405347635155,0.05,1,false_positive,1.0.0-baseline
397589068958819985,264419407905059310,0,0.7005677599736427,0.05,1,false_positive,1.0.0-baseline
1122702055964966648,646455403059666207,0,0.3626426271479043,0.05,1,false_positive,1.0.0-baseline
723075708098771487,493050207069902821,0,0.0051577908323173,0.05,0,true_negative,1.0.0-baseline
242083198312875190,263756791415439406,0,0.3119284580090468,0.05,1,false_positive,1.0.0-baseline
639464183617304882,1054376342709458876,0,0.280604276566992,0.05,1,false_positive,1.0.0-baseline
1057123691237744983,263756791415439406,0,0.0320968265527019,0.05,0,true_negative,1.0.0-baseline
1066029689647842099,1054376342709458876,0,0.0867165048986389,0.05,1,false_positive,1.0.0-baseline
358494310555110150,980708627717825274,0,0.1671203756181004,0.05,1,false_positive,1.0.0-baseline
301846582295143695,442163723921078728,0,0.4381057681435472,0.05,1,false_positive,1.0.0-baseline
1040103647110546227,249615748465308303,1,0.3011503651763241,0.05,1,true_positive,1.0.0-baseline
332280824686856788,529721350152239818,1,0.1172638009740901,0.05,1,true_positive,1.0.0-baseline
521521377069339820,904664493072722252,0,0.0935115833856083,0.05,1,false_positive,1.0.0-baseline
765406086283069573,246169167661273933,0,0.599859781948866,0.05,1,false_positive,1.0.0-baseline
288740256633030691,291382675383148796,0,0.8505831067818572,0.05,1,false_positive,1.0.0-baseline
74013997727985575,1054376342709458876,0,0.3519047750931072,0.05,1,false_positive,1.0.0-baseline
155965144533500593,264419407905059310,0,0.4124652378493534,0.05,1,false_positive,1.0.0-baseline
843279538481038589,17508513762442371,0,0.0583431900675379,0.05,1,false_positive,1.0.0-baseline
353837505825709913,137345824585252467,0,0.936062662365329,0.05,1,false_positive,1.0.0-baseline
613590376271518270,17508513762442371,0,1.62290127396485e-06,0.05,0,true_negative,1.0.0-baseline
684681148615761147,291382675383148796,0,0.4213606271043979,0.05,1,false_positive,1.0.0-baseline
1097439571207234849,1033318739550670801,0,0.2571743886018986,0.05,1,false_positive,1.0.0-baseline
988545676133037092,1053835074633009439,0,0.21291809435355,0.05,1,false_positive,1.0.0-baseline
908713807793068184,1033318739550670801,0,0.3514017915767824,0.05,1,false_positive,1.0.0-baseline
575064855472613527,577222200404687494,0,0.0218524737413167,0.05,0,true_negative,1.0.0-baseline
545111925972940090,493050207069902821,0,0.2242513456056998,0.05,1,false_positive,1.0.0-baseline
199212589581719379,906901778771043120,0,0.0126940997575916,0.05,0,true_negative,1.0.0-baseline
390390643599460702,1054376342709458876,0,0.1566945045748288,0.05,1,false_positive,1.0.0-baseline
243008454517202429,281401213724354662,0,0.4637361170541916,0.05,1,false_positive,1.0.0-baseline
850520325242396805,2998887372558569,0,0.1640377519424031,0.05,1,false_positive,1.0.0-baseline
576132041373076900,1095817946956588938,0,0.3444420859090195,0.05,1,false_positive,1.0.0-baseline
125667797178698476,2998887372558569,0,0.0264672254921623,0.05,0,true_negative,1.0.0-baseline
581275698452796979,646455403059666207,0,0.0131705270862376,0.05,0,true_negative,1.0.0-baseline
570380683246839889,611540535713970351,0,0.6648152477723106,0.05,1,false_positive,1.0.0-baseline
823538858695716130,440725821471311782,0,0.4028235850005509,0.05,1,false_positive,1.0.0-baseline
298941743029945023,1033318739550670801,0,0.0810955220194249,0.05,1,false_positive,1.0.0-baseline
650562640708894271,900434523684820099,0,0.5991443325032211,0.05,1,false_positive,1.0.0-baseline
876522271815280096,442163723921078728,0,0.3009333631091233,0.05,1,false_positive,1.0.0-baseline
721935778396998148,981860125137779078,0,0.6570613924882325,0.05,1,false_positive,1.0.0-baseline
173869896355282871,1054376342709458876,0,0.1123033375265609,0.05,1,false_positive,1.0.0-baseline
992103021797143244,2998887372558569,0,0.4669700506257274,0.05,1,false_positive,1.0.0-baseline
720900187903514475,2998887372558569,0,0.8397010475479678,0.05,1,false_positive,1.0.0-baseline
663279375777377912,577222200404687494,0,0.5993413650118408,0.05,1,false_positive,1.0.0-baseline
814560719750875446,900434523684820099,0,0.8583028980224205,0.05,1,false_positive,1.0.0-baseline
212624627023614406,1148133427243247577,0,0.4998162353571265,0.05,1,false_positive,1.0.0-baseline
599674885107862438,1054376342709458876,0,0.8113781120796038,0.05,1,false_positive,1.0.0-baseline
864457664898427229,163870747016877544,0,0.3619043224091047,0.05,1,false_positive,1.0.0-baseline
915121053309063451,995546377267911770,0,0.3830773219620845,0.05,1,false_positive,1.0.0-baseline
178644429115641398,906901778771043120,0,0.0820041405057553,0.05,1,false_positive,1.0.0-baseline
209751638097549532,906901778771043120,0,0.7450695851181314,0.05,1,false_positive,1.0.0-baseline
104953451115349942,246700825511871154,0,0.0945788259520345,0.05,1,false_positive,1.0.0-baseline
922157374267181172,264419407905059310,0,0.2300691320826687,0.05,1,false_positive,1.0.0-baseline
802552095118952320,577222200404687494,0,0.1575901112846296,0.05,1,false_positive,1.0.0-baseline
1061590150869473381,263756791415439406,0,0.3396465453597379,0.05,1,false_positive,1.0.0-baseline
392319203743245623,576276543027611612,0,0.1390296044117728,0.05,1,false_positive,1.0.0-baseline
368523965019525410,1095817946956588938,0,0.3950801210085278,0.05,1,false_positive,1.0.0-baseline
716954596165563988,906901778771043120,0,0.1420722050338196,0.05,1,false_positive,1.0.0-baseline
628265881012619482,667854202544287746,0,0.4835663010654133,0.05,1,false_positive,1.0.0-baseline
994259003520615555,249615748465308303,0,0.2750123672788355,0.05,1,false_positive,1.0.0-baseline
590522988589157754,246700825511871154,0,0.0655378298276103,0.05,1,false_positive,1.0.0-baseline
586493515982586907,667854202544287746,0,0.5658693958109628,0.05,1,false_positive,1.0.0-baseline
640418818776919678,249615748465308303,0,0.2222130586893437,0.05,1,false_positive,1.0.0-baseline
1113728253615300042,246169167661273933,0,0.4269143314749415,0.05,1,false_positive,1.0.0-baseline
856669811406882712,606728138176973669,0,0.7719390162252837,0.05,1,false_positive,1.0.0-baseline
44088755162882118,618061539991327460,0,0.0686035505729646,0.05,1,false_positive,1.0.0-baseline
958586479463288268,1033318739550670801,0,0.6988759254861434,0.05,1,false_positive,1.0.0-baseline
663704946952319578,957110910028490585,0,0.3892207649220296,0.05,1,false_positive,1.0.0-baseline
570586021783171601,611540535713970351,0,0.8043416644479113,0.05,1,false_positive,1.0.0-baseline
102929257096224630,186499808372984441,0,0.1227631259059753,0.05,1,false_positive,1.0.0-baseline
224585031324891457,980708627717825274,0,0.1561555195106359,0.05,1,false_positive,1.0.0-baseline
580744909138374487,246700825511871154,0,0.1829436621872567,0.05,1,false_positive,1.0.0-baseline
287449848420883786,981860125137779078,0,0.7410206635812043,0.05,1,false_positive,1.0.0-baseline
700868567664188575,611540535713970351,0,0.5468802472862568,0.05,1,false_positive,1.0.0-baseline
37539545457220812,246169167661273933,0,0.7245752166393774,0.05,1,false_positive,1.0.0-baseline
756168412856097265,695484210856808634,0,0.1647221453519134,0.05,1,false_positive,1.0.0-baseline
410804717854940355,493050207069902821,0,0.23389929269678,0.05,1,false_positive,1.0.0-baseline
197113671788012139,577222200404687494,0,0.085713677639871,0.05,1,false_positive,1.0.0-baseline
705437854700952196,695484210856808634,0,0.7062987942925874,0.05,1,false_positive,1.0.0-baseline
670918650399499324,1070459304141638972,0,0.3541510460118419,0.05,1,false_positive,1.0.0-baseline
919041117623902224,17508513762442371,0,0.2082097713314435,0.05,1,false_positive,1.0.0-baseline
840122915542755471,886539501005936162,0,0.734623155627436,0.05,1,false_positive,1.0.0-baseline
727822150379955905,493050207069902821,0,0.7054948436650467,0.05,1,false_positive,1.0.0-baseline
466439014465873091,2998887372558569,0,0.816586289903065,0.05,1,false_positive,1.0.0-baseline
147757376028953258,611540535713970351,0,0.1168629622463961,0.05,1,false_positive,1.0.0-baseline
719164031181953164,17508513762442371,0,0.1655057516114213,0.05,1,false_positive,1.0.0-baseline
602154078471917848,246700825511871154,0,0.0501314863958059,0.05,1,false_positive,1.0.0-baseline
557394722537486606,320081434803039496,0,0.6781219508525725,0.05,1,false_positive,1.0.0-baseline
738320950792866156,180653586061245535,0,0.0006805711938084,0.05,0,true_negative,1.0.0-baseline
897092705605033476,577222200404687494,0,0.0384099558541542,0.05,0,true_negative,1.0.0-baseline
312795294813032302,249615748465308303,0,0.3076237088170747,0.05,1,false_positive,1.0.0-baseline
231133576871127344,611540535713970351,0,0.5838177582460087,0.05,1,false_positive,1.0.0-baseline
417053439919188301,710233541031274161,0,0.1856285480874946,0.05,1,false_positive,1.0.0-baseline
64554449829697157,906901778771043120,0,0.0256547593854086,0.05,0,true_negative,1.0.0-baseline
739297871405302313,186499808372984441,0,0.2486431502917955,0.05,1,false_positive,1.0.0-baseline
583406408771835158,646455403059666207,0,0.317360475322095,0.05,1,false_positive,1.0.0-baseline
559630301562275424,246700825511871154,0,0.0266523023782342,0.05,0,true_negative,1.0.0-baseline
444821347359729869,981860125137779078,0,0.6097484130031471,0.05,1,false_positive,1.0.0-baseline
945626654810174779,529721350152239818,0,0.1762493631421975,0.05,1,false_positive,1.0.0-baseline
1099332389557492996,576276543027611612,0,0.5099785293532976,0.05,1,false_positive,1.0.0-baseline
1011695887631930106,1101053381991883786,0,0.5165950906579041,0.05,1,false_positive,1.0.0-baseline
177261583575290849,611540535713970351,0,0.6017301185125955,0.05,1,false_positive,1.0.0-baseline
141681600462442859,246700825511871154,0,0.4901527597110898,0.05,1,false_positive,1.0.0-baseline
751068381310836351,906901778771043120,0,0.2097505782760583,0.05,1,false_positive,1.0.0-baseline
923978615289519003,1053835074633009439,0,0.6271507326567631,0.05,1,false_positive,1.0.0-baseline
511978037902441510,606728138176973669,0,0.4831135084525407,0.05,1,false_positive,1.0.0-baseline
708235094322432795,1095817946956588938,0,0.5550091319047282,0.05,1,false_positive,1.0.0-baseline
303805697784205512,995546377267911770,0,0.0207258280537774,0.05,0,true_negative,1.0.0-baseline
972985917750951852,667854202544287746,0,0.0969887809842963,0.05,1,false_positive,1.0.0-baseline
783917058686378911,585875122027006935,0,0.8717919128530695,0.05,1,false_positive,1.0.0-baseline
1000118313690631606,17508513762442371,0,0.1192796161160507,0.05,1,false_positive,1.0.0-baseline
509644467765239405,249615748465308303,0,0.0228377840817881,0.05,0,true_negative,1.0.0-baseline
1067747046051086525,577222200404687494,0,0.2612897575886895,0.05,1,false_positive,1.0.0-baseline
600766669493868866,1070459304141638972,0,0.3428322489930138,0.05,1,false_positive,1.0.0-baseline
17307056412020692,646455403059666207,0,0.3610480907344845,0.05,1,false_positive,1.0.0-baseline
651300119893025732,529721350152239818,0,0.3184368007604141,0.05,1,false_positive,1.0.0-baseline
133908033456444821,440725821471311782,0,0.2019684680065264,0.05,1,false_positive,1.0.0-baseline
406406364413740897,163870747016877544,0,0.235849209178011,0.05,1,false_positive,1.0.0-baseline
1106798954485933574,263756791415439406,0,0.5501791462600274,0.05,1,false_positive,1.0.0-baseline
814377699048434063,137345824585252467,1,0.0534732928550955,0.05,1,true_positive,1.0.0-baseline
837497796911498912,246700825511871154,0,0.2485851437799585,0.05,1,false_positive,1.0.0-baseline
150108404927940443,163870747016877544,0,0.6649743116555982,0.05,1,false_positive,1.0.0-baseline
481653791372558109,1053835074633009439,1,0.5717538001330765,0.05,1,true_positive,1.0.0-baseline
493809741659589705,577222200404687494,0,0.1094340422553356,0.05,1,false_positive,1.0.0-baseline
871630777280140515,2998887372558569,0,0.4018813737311699,0.05,1,false_positive,1.0.0-baseline
518913675116787808,1053835074633009439,0,0.1630369040293151,0.05,1,false_positive,1.0.0-baseline
782813832994415888,1033318739550670801,0,0.6390200999403333,0.05,1,false_positive,1.0.0-baseline
514027224180778938,957110910028490585,0,0.2650133452054579,0.05,1,false_positive,1.0.0-baseline
768443413632471423,137345824585252467,0,0.7161222094629969,0.05,1,false_positive,1.0.0-baseline
273076253958526325,529721350152239818,0,0.2432426819530488,0.05,1,false_positive,1.0.0-baseline
795810602136707450,577222200404687494,1,0.6855432395752598,0.05,1,true_positive,1.0.0-baseline
480903212085318958,667854202544287746,0,0.124010068993243,0.05,1,false_positive,1.0.0-baseline
1003805637562986869,1054376342709458876,0,0.4401599310607401,0.05,1,false_positive,1.0.0-baseline
154336305090784585,263756791415439406,0,0.7995696033728931,0.05,1,false_positive,1.0.0-baseline
860625853959876758,246169167661273933,0,0.5531475651562965,0.05,1,false_positive,1.0.0-baseline
750325333044036387,529721350152239818,0,5.68242436107491e-05,0.05,0,true_negative,1.0.0-baseline
551213700494604910,246169167661273933,1,0.388422944955595,0.05,1,true_positive,1.0.0-baseline
760446502070862278,981860125137779078,0,0.2112802456862529,0.05,1,false_positive,1.0.0-baseline
764159157024407058,529721350152239818,0,4.436277522027786e-06,0.05,0,true_negative,1.0.0-baseline
972628152736429570,440725821471311782,0,0.37032177001163,0.05,1,false_positive,1.0.0-baseline
710195959433564904,1095817946956588938,0,0.6635500554947994,0.05,1,false_positive,1.0.0-baseline
456541467868815693,493050207069902821,0,0.5525756989922368,0.05,1,false_positive,1.0.0-baseline
311229815154196922,1095817946956588938,0,0.0606683530920016,0.05,1,false_positive,1.0.0-baseline
671017198077839675,594906817873445698,0,0.5047184478736159,0.05,1,false_positive,1.0.0-baseline
479836839563191043,249615748465308303,0,0.1483267488874934,0.05,1,false_positive,1.0.0-baseline
462238559470323426,1033318739550670801,0,0.5788748674790924,0.05,1,false_positive,1.0.0-baseline
1123048104397879947,2998887372558569,0,0.1106107076858051,0.05,1,false_positive,1.0.0-baseline
276510424837912697,246169167661273933,0,0.6445793221854244,0.05,1,false_positive,1.0.0-baseline
682519408916913500,768436434945698388,0,0.1978016057993394,0.05,1,false_positive,1.0.0-baseline
72210073507555314,667854202544287746,0,0.822660812326555,0.05,1,false_positive,1.0.0-baseline
597662374102290094,980708627717825274,0,0.0740883583446975,0.05,1,false_positive,1.0.0-baseline
1125947171795066388,900434523684820099,0,0.4076870127505179,0.05,1,false_positive,1.0.0-baseline
194565196429324690,594906817873445698,0,0.5879344299739966,0.05,1,false_positive,1.0.0-baseline
893787828575434272,576276543027611612,0,0.4321819261832089,0.05,1,false_positive,1.0.0-baseline
390251937704923158,163870747016877544,0,0.1064268647944412,0.05,1,false_positive,1.0.0-baseline
327574086447999385,646455403059666207,0,0.088000383287755,0.05,1,false_positive,1.0.0-baseline
755200052379452422,900434523684820099,0,0.4112249137885919,0.05,1,false_positive,1.0.0-baseline
763322546354898669,611540535713970351,0,0.7898632911875203,0.05,1,false_positive,1.0.0-baseline
526394985046500497,1053835074633009439,0,0.1776284914491867,0.05,1,false_positive,1.0.0-baseline
467622480931717884,981860125137779078,0,0.297501830555887,0.05,1,false_positive,1.0.0-baseline
325658014205847200,710233541031274161,0,0.3735839212834959,0.05,1,false_positive,1.0.0-baseline
751866699024807516,281401213724354662,0,0.9420198733518954,0.05,1,false_positive,1.0.0-baseline
786357056302125690,291382675383148796,0,0.83415909616583,0.05,1,false_positive,1.0.0-baseline
148964998133085070,1053835074633009439,0,0.35677652819649,0.05,1,false_positive,1.0.0-baseline
339640335806045695,440725821471311782,0,0.5098751938043684,0.05,1,false_positive,1.0.0-baseline
132117438290697842,320081434803039496,0,0.3145220128072608,0.05,1,false_positive,1.0.0-baseline
972798264019573269,1053835074633009439,0,0.0006308018305195,0.05,0,true_negative,1.0.0-baseline
403841407383890248,1054376342709458876,0,0.0155458933657065,0.05,0,true_negative,1.0.0-baseline
111798728429321819,594906817873445698,0,0.0547540635616241,0.05,1,false_positive,1.0.0-baseline
924818950246991806,264419407905059310,0,0.222387940407705,0.05,1,false_positive,1.0.0-baseline
222171543797318191,585875122027006935,0,0.2020318112566471,0.05,1,false_positive,1.0.0-baseline
109366509327408545,17508513762442371,0,0.7123768528527759,0.05,1,false_positive,1.0.0-baseline
934273038317063620,980708627717825274,0,0.0043023517586457,0.05,0,true_negative,1.0.0-baseline
957217643949255822,1054376342709458876,0,0.438946236085214,0.05,1,false_positive,1.0.0-baseline
154942112869634737,163870747016877544,0,0.4573075444343464,0.05,1,false_positive,1.0.0-baseline
1073915393864366411,667854202544287746,0,0.7716280620401443,0.05,1,false_positive,1.0.0-baseline
911678686294469197,442163723921078728,0,0.4135188965601,0.05,1,false_positive,1.0.0-baseline
657824320474470096,529721350152239818,1,0.3985782697056412,0.05,1,true_positive,1.0.0-baseline
1054151888441457967,246169167661273933,0,0.5203590359888324,0.05,1,false_positive,1.0.0-baseline
642559342675160419,646455403059666207,0,0.1191203216771824,0.05,1,false_positive,1.0.0-baseline
561580456870446889,163870747016877544,0,0.5007915906816602,0.05,1,false_positive,1.0.0-baseline
1096329966957232352,17508513762442371,0,0.5521615013577621,0.05,1,false_positive,1.0.0-baseline
845772064807193943,1101053381991883786,0,0.3158755343194784,0.05,1,false_positive,1.0.0-baseline
497624381290550750,263756791415439406,0,0.5512707999355068,0.05,1,false_positive,1.0.0-baseline
1061972811667919630,137345824585252467,0,0.8183893485677631,0.05,1,false_positive,1.0.0-baseline
1099344624962003112,577222200404687494,0,0.2408654421054438,0.05,1,false_positive,1.0.0-baseline
326905535874112304,1033318739550670801,0,0.4172347597389949,0.05,1,false_positive,1.0.0-baseline
1037999403922752793,45517484512241406,0,0.0409428485295576,0.05,0,true_negative,1.0.0-baseline
326145579093458753,1054376342709458876,0,0.0120264389512567,0.05,0,true_negative,1.0.0-baseline
378770238851342533,2998887372558569,0,0.9005977173629928,0.05,1,false_positive,1.0.0-baseline
74025026518616451,1101053381991883786,0,0.5408839305703406,0.05,1,false_positive,1.0.0-baseline
1019332331138424042,493050207069902821,0,0.4853047818140998,0.05,1,false_positive,1.0.0-baseline
601896485759451152,163870747016877544,0,0.0205997068317492,0.05,0,true_negative,1.0.0-baseline
249180963457591748,137345824585252467,0,0.3104867277556505,0.05,1,false_positive,1.0.0-baseline
825081810289730160,576276543027611612,0,0.3982537282450492,0.05,1,false_positive,1.0.0-baseline
240242834760509642,529721350152239818,0,0.0180919646707168,0.05,0,true_negative,1.0.0-baseline
476457306158242004,529721350152239818,0,0.8798128778828509,0.05,1,false_positive,1.0.0-baseline
566515625769478175,646455403059666207,0,0.1584100245976726,0.05,1,false_positive,1.0.0-baseline
1097250325363478926,1088879620853116969,0,0.4306932381247411,0.05,1,false_positive,1.0.0-baseline
45351571725647678,594906817873445698,0,0.3637499162759952,0.05,1,false_positive,1.0.0-baseline
846695312328615772,291382675383148796,0,0.3616144600436483,0.05,1,false_positive,1.0.0-baseline
247773851806282407,163870747016877544,0,0.1352729699886466,0.05,1,false_positive,1.0.0-baseline
1008068381715047739,186499808372984441,0,0.6554313671976865,0.05,1,false_positive,1.0.0-baseline
812313228030805475,529721350152239818,0,0.6343284765728193,0.05,1,false_positive,1.0.0-baseline
1130505167871187621,264419407905059310,0,0.228588039308061,0.05,1,false_positive,1.0.0-baseline
53370710953689594,981860125137779078,0,0.6730957700776978,0.05,1,false_positive,1.0.0-baseline
935376616286658610,906901778771043120,0,0.0413625642723485,0.05,0,true_negative,1.0.0-baseline
521584738327387381,980708627717825274,0,0.1965042873776117,0.05,1,false_positive,1.0.0-baseline
